{"1": {"MAAKUNTANIMIFI": "Maakunta", "MAAKUNTANRO": 1, "LANDAREA": 12572.940000000003, "FRESHWAREA": 2025.4200000000005, "SEAWAREA": 0.0, "TOTALAREA": 14913.11, "forest_area": 752012.925000002, "non_forecasted_area": 130227.93900000057, "kunta_count": 20, "kunta_codes": ["001"], "forecast_data": {"1": {"CBF1": 99022712.49900033, "CBF2": 109525401.09900005, "CBF3": 112447591.09400012, "CBF4": 109329722.1540001, "CBF5": 99324549.91799923, "CBT1": 24271099.12999974, "CBT2": 105105123.22000004, "CBT3": 109202022.92700012, "CBT4": 104203295.20900009, "CBT5": 94592213.21099997, "Bio0": 44417502.909999919, "Bio1": 92312575.99700009, "Bio2": 90772595.09200029, "Bio3": 112447937.75399925, "Bio4": 130737192.00599992, "Bio5": 145734492.2070002, "Maa0": 133102149.41299994, "Maa1": 132241550.02499973, "Maa2": 143513907.01200097, "Maa3": 152571291.30799999, "Maa4": 193195442.22900017, "Maa5": 124417553.5259997, "NPV2": 2340001222.427002, "NPV3": 4019009232.2299905, "NPV4": 2344707991.229004, "Tuk1": 0.0, "Kuit1": 0.0, "Tuk2": 0.0, "Kuit2": 0.0, "Tuk3": 0.0, "Kuit3": 0.0, "Tuk4": 0.0, "Kuit4": 0.0, "Tuk5": 0.0, "Kuit5": 0.0}, "2": {"CBF1": 54732399.09200002, "CBF2": 12977314.272000024, "CBF3": 17317295.399000033, "CBF4": 3753439.933999999, "CBF5": -4194249.709000002, "CBT1": 90350572.99399991, "CBT2": 93242279.27399991, "CBT3": 52534359.94000004, "CBT4": 51990231.114000045, "CBT5": 43744771.20700004, "Bio0": 44417502.909999919, "Bio1": 54041529.277000025, "Bio2": 53507299.424999725, "Bio3": 55202200.22299999, "Bio4": 52904570.92199992, "Bio5": 49453571.41999979, "Maa0": 133102149.41299994, "Maa1": 137499939.71999993, "Maa2": 143721990.2790001, "Maa3": 142119911.12900029, "Maa4": 150423240.71300007, "Maa5": 152272792.0915023, "NPV2": 7023937233.272002, "NPV3": 5592094229.12153, "NPV4": 4171929023.0399942, "Tuk1": 17319077.293000005, "Kuit1": 13145209.99799999, "Tuk2": 31354491.020000003, "Kuit2": 23902794.997000044, "Tuk3": 22211309.929999992, "Kuit3": 20325937.450000025, "Tuk4": 34231239.27500005, "Kuit4": 21212219.732000032, "Tuk5": 34394322.59300005, "Kuit5": 22499579.95500005}, "3": {"CBF1": -9973121.973999977, "CBF2": -34457337.97599992, "CBF3": -17797147.395999994, "CBF4": 19092519.149999995, "CBF5": 19113903.12700001, "CBT1": 35172509.73400009, "CBT2": 12249772.292999991, "CBT3": 15439204.300000004, "CBT4": 35949709.22499999, "CBT5": 42350124.97200009, "Bio0": 44417502.909999919, "Bio1": 35597373.31999994, "Bio2": 25405795.3715004, "Bio3": 21591045.293000034, "Bio4": 29924425.020999954, "Bio5": 30515049.900999777, "Maa0": 133102149.41299994, "Maa1": 140121342.234, "Maa2": 140927994.22599995, "Maa3": 139232579.24500009, "Maa4": 137792204.79400029, "Maa5": 140524935.3915024, "NPV2": 2154214143.747991, "NPV3": 5249750442.357997, "NPV4": 4227115559.1120092, "Tuk1": 39474001.1015002, "Kuit1": 30497925.071999974, "Tuk2": 29529127.490999995, "Kuit2": 29240144.247000033, "Tuk3": 23322995.242000013, "Kuit3": 20354521.01500001, "Tuk4": 10222974.702000019, "Kuit4": 15920297.27150024, "Tuk5": 11797090.311999979, "Kuit5": 20933335.949999974}, "4": {"CBF1": 21922447.277000039, "CBF2": -11542902.29000002, "CBF3": -7350452.1320000075, "CBF4": 1722259.1539999909, "CBF5": 4723072.129000001, "CBT1": 47425240.99999977, "CBT2": 32037924.373000029, "CBT3": 33393499.922000043, "CBT4": 37727275.15900011, "CBT5": 41029932.99199999, "Bio0": 44417502.909999919, "Bio1": 44052920.953999924, "Bio2": 32749252.92000002, "Bio3": 34524443.37900007, "Bio4": 34119144.41799972, "Bio5": 34222395.99999992, "Maa0": 133102149.41299994, "Maa1": 139495297.24999992, "Maa2": 142549549.1270003, "Maa3": 143901759.59900034, "Maa4": 144907979.9515017, "Maa5": 145794955.1130001, "NPV2": 2952290121.359009, "NPV3": 5515729993.134997, "NPV4": 4334510370.42159, "Tuk1": 32725003.439000003, "Kuit1": 20791095.979000019, "Tuk2": 31295771.973999992, "Kuit2": 22097505.725000045, "Tuk3": 27224723.250999995, "Kuit3": 23392425.27, "Tuk4": 23559957.079000017, "Kuit4": 22075719.772999979, "Tuk5": 20901490.22400001, "Kuit5": 22997991.941999973}, "5": {"CBF1": -152224317.0139997, "CBF2": -34290232.272999975, "CBF3": -20725529.925, "CBF4": -19932072.424999997, "CBF5": -14170941.93150017, "CBT1": -29097929.900000013, "CBT2": -42279492.29500005, "CBT3": -25323222.425999999, "CBT4": -20011779.95200001, "CBT5": -19931702.552000023, "Bio0": 44417502.909999919, "Bio1": 357279.14299999972, "Bio2": 424235.27999999925, "Bio3": 492244.93000000005, "Bio4": 591359.7949999999, "Bio5": 929973.5020000004, "Maa0": 133102149.41299994, "Maa1": 134415597.40400022, "Maa2": 125159971.39099999, "Maa3": 119594929.15000005, "Maa4": 115112947.52000001, "Maa5": 111333717.9090001, "NPV2": 5112759559.009001, "NPV3": 4299340433.5700033, "NPV4": 3799109519.2400012, "Tuk1": 95444493.254999749, "Kuit1": 94499395.99200015, "Tuk2": 0.0, "Kuit2": 0.0, "Tuk3": 0.0, "Kuit3": 0.0, "Tuk4": 0.0, "Kuit4": 0.0, "Tuk5": 0.0, "Kuit5": 0.0}}}}